Date,Name,Close,Diff
2017-12-06,VRSN,112.4000015258789,0.34999847412109375
2017-12-07,VRSN,112.81999969482422,0.7099990844726562
2017-12-08,VRSN,112.9800033569336,-0.1199951171875
2017-12-11,VRSN,114.31999969482422,1.089996337890625
2017-12-12,VRSN,114.37000274658203,-0.1399993896484375
2017-12-13,VRSN,113.77999877929688,-0.5500030517578125
2017-12-14,VRSN,114.13999938964844,0.029998779296875
2017-12-15,VRSN,115.02999877929688,0.5
2017-12-18,VRSN,116.0999984741211,0.1999969482421875
2017-12-19,VRSN,115.55000305175781,-0.589996337890625
2017-12-20,VRSN,116.01000213623047,-0.07999420166015625
2017-12-21,VRSN,114.19000244140625,-1.9199981689453125
2017-12-22,VRSN,113.98999786376953,-0.3800048828125
2017-12-26,VRSN,113.91000366210938,0.5600051879882812
2017-12-27,VRSN,114.37999725341797,0.4799957275390625
2017-12-28,VRSN,115.5,0.8499984741210938
2017-12-29,VRSN,114.44000244140625,-1.3199996948242188
2018-01-02,VRSN,109.47000122070312,-5.220001220703125
2018-01-03,VRSN,110.9000015258789,1.1800003051757812
2018-01-04,VRSN,111.47000122070312,-0.06999969482421875
2018-01-05,VRSN,113.0,1.2099990844726562
2018-01-08,VRSN,114.30999755859375,1.8699951171875
2018-01-09,VRSN,112.97000122070312,-1.8199996948242188
2018-01-10,VRSN,111.95999908447266,-0.470001220703125
2018-01-11,VRSN,112.2300033569336,-0.089996337890625
2018-01-12,VRSN,113.61000061035156,1.3799972534179688
2018-01-16,VRSN,112.6500015258789,-1.0999984741210938
2018-01-17,VRSN,114.0,0.9300003051757812
2018-01-18,VRSN,114.54000091552734,0.45000457763671875
2018-01-19,VRSN,114.4800033569336,-0.589996337890625
2018-01-22,VRSN,114.45999908447266,-0.0200042724609375
2018-01-23,VRSN,115.7699966430664,1.3699951171875
2018-01-24,VRSN,115.7699966430664,-0.3000030517578125
2018-01-25,VRSN,115.98999786376953,-0.29000091552734375
2018-01-26,VRSN,115.30999755859375,-1.3100051879882812
2018-01-29,VRSN,112.41000366210938,-2.4799957275390625
2018-01-30,VRSN,112.1500015258789,0.5
2018-01-31,VRSN,114.91999816894531,2.5699996948242188
2018-02-01,VRSN,114.69999694824219,0.48999786376953125
2018-02-02,VRSN,112.51000213623047,-1.339996337890625
2018-02-05,VRSN,108.7300033569336,-3.1699981689453125
2018-02-06,VRSN,109.41000366210938,2.4900054931640625
2018-02-07,VRSN,109.11000061035156,0.0
2018-02-08,VRSN,105.62000274658203,-3.6199951171875
2018-02-09,VRSN,109.08999633789062,1.7899932861328125
2018-02-12,VRSN,111.02999877929688,1.470001220703125
2018-02-13,VRSN,110.56999969482422,0.12000274658203125
2018-02-14,VRSN,113.9800033569336,3.8000030517578125
2018-02-15,VRSN,116.3499984741211,1.5499954223632812
2018-02-16,VRSN,120.55000305175781,4.0800018310546875
2018-02-20,VRSN,116.33999633789062,-3.3600006103515625
2018-02-21,VRSN,115.69999694824219,-1.1300048828125
2018-02-22,VRSN,114.91999816894531,-1.5500030517578125
2018-02-23,VRSN,117.63999938964844,2.1500015258789062
2018-02-26,VRSN,117.25,-1.2099990844726562
2018-02-27,VRSN,116.41000366210938,-1.17999267578125
2018-02-28,VRSN,116.0199966430664,-1.0800018310546875
2018-03-01,VRSN,115.0199966430664,-1.0400009155273438
2018-03-02,VRSN,115.77999877929688,1.80999755859375
2018-03-05,VRSN,117.26000213623047,2.160003662109375
2018-03-06,VRSN,117.44999694824219,-0.20000457763671875
2018-03-07,VRSN,117.93000030517578,1.3199996948242188
2018-03-08,VRSN,118.3499984741211,0.9300003051757812
2018-03-09,VRSN,120.45999908447266,1.1800003051757812
2018-03-12,VRSN,120.23999786376953,-0.48000335693359375
2018-03-13,VRSN,120.51000213623047,-0.20999908447265625
2018-03-14,VRSN,123.01000213623047,2.0100021362304688
2018-03-15,VRSN,125.30999755859375,1.5400009155273438
2018-03-16,VRSN,125.91999816894531,0.34999847412109375
2018-03-19,VRSN,124.22000122070312,-0.9199981689453125
2018-03-20,VRSN,125.19999694824219,0.4799957275390625
2018-03-21,VRSN,124.5999984741211,-0.529998779296875
2018-03-22,VRSN,122.6500015258789,-0.15999603271484375
2018-03-23,VRSN,119.4800033569336,-3.5799942016601562
2018-03-26,VRSN,121.47000122070312,0.160003662109375
2018-03-27,VRSN,117.4800033569336,-4.089996337890625
2018-03-28,VRSN,116.4000015258789,-1.3799972534179688
2018-03-29,VRSN,118.55999755859375,1.6299972534179688
2018-04-02,VRSN,115.73999786376953,-2.4300003051757812
2018-04-03,VRSN,117.1500015258789,0.529998779296875
2018-04-04,VRSN,117.83999633789062,2.67999267578125
2018-04-05,VRSN,119.22000122070312,0.15000152587890625
2018-04-06,VRSN,117.69000244140625,-0.6100006103515625
2018-04-09,VRSN,118.30000305175781,0.18000030517578125
2018-04-10,VRSN,120.52999877929688,0.15999603271484375
2018-04-11,VRSN,120.38999938964844,0.3000030517578125
2018-04-12,VRSN,121.70999908447266,0.37999725341796875
2018-04-13,VRSN,122.0,-0.6299972534179688
2018-04-16,VRSN,123.79000091552734,0.9899978637695312
2018-04-17,VRSN,125.76000213623047,0.69000244140625
2018-04-18,VRSN,126.63999938964844,0.470001220703125
2018-04-19,VRSN,125.19000244140625,-1.3299942016601562
2018-04-20,VRSN,124.79000091552734,-0.40999603271484375
2018-04-23,VRSN,123.87999725341797,-1.0699996948242188
2018-04-24,VRSN,118.0,-6.730003356933594
2018-04-25,VRSN,118.61000061035156,0.3300018310546875
2018-04-26,VRSN,120.9000015258789,1.7000045776367188
2018-04-27,VRSN,118.30000305175781,-2.2899932861328125
2018-04-30,VRSN,117.41999816894531,-1.4599990844726562
2018-05-01,VRSN,117.94000244140625,0.8100051879882812
2018-05-02,VRSN,118.05000305175781,0.01000213623046875
2018-05-03,VRSN,120.0,2.1100006103515625
2018-05-04,VRSN,122.30999755859375,2.7399978637695312
2018-05-07,VRSN,122.41999816894531,-0.12000274658203125
2018-05-08,VRSN,122.66999816894531,0.1999969482421875
2018-05-09,VRSN,123.33000183105469,0.5600051879882812
2018-05-10,VRSN,124.58999633789062,0.6099929809570312
2018-05-11,VRSN,125.6500015258789,0.9500045776367188
2018-05-14,VRSN,126.6500015258789,0.8100051879882812
2018-05-15,VRSN,126.66000366210938,0.34000396728515625
2018-05-16,VRSN,127.12000274658203,0.7900009155273438
2018-05-17,VRSN,127.36000061035156,0.29000091552734375
2018-05-18,VRSN,127.66999816894531,1.0199966430664062
2018-05-21,VRSN,128.32000732421875,0.290008544921875
2018-05-22,VRSN,127.83999633789062,-1.1500091552734375
2018-05-23,VRSN,128.2100067138672,1.4300079345703125
2018-05-24,VRSN,128.1699981689453,0.029998779296875
2018-05-25,VRSN,128.50999450683594,0.3300018310546875
2018-05-29,VRSN,128.88999938964844,1.1800003051757812
2018-05-30,VRSN,130.74000549316406,1.160003662109375
2018-05-31,VRSN,130.44000244140625,-0.209991455078125
2018-06-01,VRSN,132.57000732421875,1.220001220703125
2018-06-04,VRSN,134.8699951171875,2.0399932861328125
2018-06-05,VRSN,135.8300018310547,0.7400054931640625
2018-06-06,VRSN,137.11000061035156,1.2899932861328125
2018-06-07,VRSN,136.5399932861328,-0.8600006103515625
2018-06-08,VRSN,137.8699951171875,1.8699951171875
2018-06-11,VRSN,137.89999389648438,-0.1100006103515625
2018-06-12,VRSN,139.91000366210938,1.6399993896484375
2018-06-13,VRSN,139.33999633789062,-0.220001220703125
2018-06-14,VRSN,141.22000122070312,1.399993896484375
2018-06-15,VRSN,142.27000427246094,1.279998779296875
2018-06-18,VRSN,145.19000244140625,3.040008544921875
2018-06-19,VRSN,143.47000122070312,-0.1699981689453125
2018-06-20,VRSN,142.3000030517578,-2.30999755859375
2018-06-21,VRSN,140.32000732421875,-1.9399871826171875
2018-06-22,VRSN,138.67999267578125,-1.790008544921875
2018-06-25,VRSN,135.72000122070312,-2.4799957275390625
2018-06-26,VRSN,136.5800018310547,0.1399993896484375
2018-06-27,VRSN,135.39999389648438,-1.470001220703125
2018-06-28,VRSN,137.64999389648438,2.649993896484375
2018-06-29,VRSN,137.4199981689453,-0.8800048828125
2018-07-02,VRSN,140.22000122070312,3.4900054931640625
2018-07-03,VRSN,138.66000366210938,-1.9799957275390625
2018-07-05,VRSN,140.99000549316406,1.230010986328125
2018-07-06,VRSN,141.91000366210938,1.220001220703125
2018-07-09,VRSN,143.0399932861328,0.279998779296875
2018-07-10,VRSN,143.5,0.19000244140625
2018-07-11,VRSN,144.7100067138672,1.8600006103515625
2018-07-12,VRSN,147.17999267578125,1.9199981689453125
2018-07-13,VRSN,147.5800018310547,0.0200042724609375
2018-07-16,VRSN,147.94000244140625,0.1699981689453125
2018-07-17,VRSN,149.7899932861328,2.899993896484375
2018-07-18,VRSN,149.02000427246094,-1.0
2018-07-19,VRSN,148.0800018310547,-0.8000030517578125
2018-07-20,VRSN,149.08999633789062,0.94000244140625
2018-07-23,VRSN,149.1300048828125,0.040008544921875
2018-07-24,VRSN,148.42999267578125,-1.220001220703125
2018-07-25,VRSN,151.19000244140625,2.290008544921875
2018-07-26,VRSN,151.9499969482422,1.649993896484375
2018-07-27,VRSN,150.25999450683594,-4.1800079345703125
2018-07-30,VRSN,145.42999267578125,-4.3900146484375
2018-07-31,VRSN,145.22999572753906,-1.0500030517578125
2018-08-01,VRSN,148.05999755859375,2.339996337890625
2018-08-02,VRSN,150.97999572753906,4.05999755859375
2018-08-03,VRSN,151.0,-0.1100006103515625
2018-08-06,VRSN,152.05999755859375,0.9499969482421875
2018-08-07,VRSN,152.3000030517578,1.19000244140625
2018-08-08,VRSN,152.16000366210938,0.9499969482421875
2018-08-09,VRSN,153.35000610351562,0.790008544921875
2018-08-10,VRSN,152.9199981689453,0.6100006103515625
2018-08-13,VRSN,152.5399932861328,-0.470001220703125
2018-08-14,VRSN,154.0,1.4499969482421875
2018-08-15,VRSN,153.4600067138672,0.4600067138671875
2018-08-16,VRSN,152.6999969482422,-1.720001220703125
2018-08-17,VRSN,150.75,-1.32000732421875
2018-08-20,VRSN,152.0399932861328,0.4199981689453125
2018-08-21,VRSN,152.4600067138672,0.1200103759765625
2018-08-22,VRSN,153.33999633789062,1.3600006103515625
2018-08-23,VRSN,154.35000610351562,1.1800079345703125
2018-08-24,VRSN,156.0800018310547,1.350006103515625
2018-08-27,VRSN,157.64999389648438,0.6399993896484375
2018-08-28,VRSN,159.1199951171875,0.75
2018-08-29,VRSN,158.77999877929688,-0.2100067138671875
2018-08-30,VRSN,158.11000061035156,-0.4900054931640625
2018-08-31,VRSN,158.61000061035156,0.5
2018-09-04,VRSN,159.24000549316406,0.4900054931640625
2018-09-05,VRSN,156.3800048828125,-1.989990234375
2018-09-06,VRSN,158.13999938964844,1.5699920654296875
2018-09-07,VRSN,157.8000030517578,0.69000244140625
2018-09-10,VRSN,161.55999755859375,2.8699951171875
2018-09-11,VRSN,161.6199951171875,0.79998779296875
2018-09-12,VRSN,161.30999755859375,0.0399932861328125
2018-09-13,VRSN,162.1199951171875,-0.25
2018-09-14,VRSN,163.64999389648438,0.709991455078125
2018-09-17,VRSN,161.41000366210938,-1.899993896484375
2018-09-18,VRSN,162.92999267578125,1.75
2018-09-19,VRSN,159.08999633789062,-4.1100006103515625
2018-09-20,VRSN,160.1999969482422,0.220001220703125
2018-09-21,VRSN,159.80999755859375,-1.3600006103515625
2018-09-24,VRSN,158.9600067138672,-0.2299957275390625
2018-09-25,VRSN,160.49000549316406,0.8400115966796875
2018-09-26,VRSN,158.9199981689453,-1.94000244140625
2018-09-27,VRSN,159.13999938964844,-0.3300018310546875
2018-09-28,VRSN,160.1199951171875,1.1999969482421875
2018-10-01,VRSN,159.92999267578125,-1.1200103759765625
2018-10-02,VRSN,157.52000427246094,-2.4199981689453125
2018-10-03,VRSN,157.77999877929688,-0.55999755859375
2018-10-04,VRSN,155.2100067138672,-2.1100006103515625
2018-10-05,VRSN,154.1300048828125,-1.3899993896484375
2018-10-08,VRSN,150.77999877929688,-3.05999755859375
2018-10-09,VRSN,148.02000427246094,-2.7599945068359375
2018-10-10,VRSN,140.89999389648438,-6.660003662109375
2018-10-11,VRSN,139.1199951171875,-0.9600067138671875
2018-10-12,VRSN,143.97999572753906,2.3799896240234375
2018-10-15,VRSN,142.50999450683594,-0.510009765625
2018-10-16,VRSN,146.7899932861328,3.1199951171875
2018-10-17,VRSN,145.88999938964844,-1.30999755859375
2018-10-18,VRSN,142.1999969482422,-3.1300048828125
2018-10-19,VRSN,141.38999938964844,-1.82000732421875
2018-10-22,VRSN,143.47000122070312,1.470001220703125
2018-10-23,VRSN,141.11000061035156,0.32000732421875
2018-10-24,VRSN,133.91000366210938,-7.7599945068359375
2018-10-25,VRSN,135.83999633789062,0.7899932861328125
2018-10-26,VRSN,138.6699981689453,3.3000030517578125
2018-10-29,VRSN,135.32000732421875,-6.1199951171875
2018-10-30,VRSN,138.66000366210938,3.350006103515625
2018-10-31,VRSN,142.5399932861328,2.4199981689453125
2018-11-01,VRSN,140.8000030517578,-1.739990234375
2018-11-02,VRSN,165.02000427246094,5.0200042724609375
2018-11-05,VRSN,160.8000030517578,-3.649993896484375
2018-11-06,VRSN,157.14999389648438,-3.0600128173828125
2018-11-07,VRSN,159.85000610351562,2.1200103759765625
2018-11-08,VRSN,160.1300048828125,1.4900054931640625
2018-11-09,VRSN,160.10000610351562,1.0
2018-11-12,VRSN,153.3000030517578,-6.339996337890625
2018-11-13,VRSN,152.61000061035156,-0.5
2018-11-14,VRSN,151.30999755859375,-2.69000244140625
2018-11-15,VRSN,155.6699981689453,5.0399932861328125
2018-11-16,VRSN,155.75,1.5500030517578125
2018-11-19,VRSN,149.1999969482422,-5.6699981689453125
2018-11-20,VRSN,147.19000244140625,0.94000244140625
2018-11-21,VRSN,149.38999938964844,0.8600006103515625
2018-11-23,VRSN,150.3300018310547,2.0500030517578125
2018-11-26,VRSN,153.64999389648438,1.399993896484375
2018-11-27,VRSN,150.8000030517578,-2.3300018310546875
2018-11-28,VRSN,155.85000610351562,4.1800079345703125
2018-11-29,VRSN,156.66000366210938,1.6300048828125
2018-11-30,VRSN,156.05999755859375,-0.4199981689453125
2018-12-03,VRSN,159.27000427246094,0.6100006103515625
2018-12-04,VRSN,153.5500030517578,-5.209991455078125
2018-12-06,VRSN,157.39999389648438,6.149993896484375
2018-12-07,VRSN,153.9499969482422,-3.2100067138671875
2018-12-10,VRSN,157.0,3.07000732421875
2018-12-11,VRSN,155.4199981689453,-3.75
2018-12-12,VRSN,157.1199951171875,-0.760009765625
2018-12-13,VRSN,156.3000030517578,-1.8499908447265625
2018-12-14,VRSN,152.6699981689453,-2.32000732421875
2018-12-17,VRSN,150.10000610351562,-2.6899871826171875
2018-12-18,VRSN,150.02999877929688,-0.779998779296875
2018-12-19,VRSN,149.7100067138672,-0.30999755859375
2018-12-20,VRSN,147.02000427246094,-2.1599884033203125
2018-12-21,VRSN,142.44000244140625,-5.94000244140625
2018-12-24,VRSN,139.5399932861328,-1.8800048828125
2018-12-26,VRSN,146.05999755859375,5.4199981689453125
2018-12-27,VRSN,148.05999755859375,3.6199951171875
2018-12-28,VRSN,146.8800048828125,-1.739990234375
2018-12-31,VRSN,148.2899932861328,0.3699951171875
2019-01-02,VRSN,147.75999450683594,2.3199920654296875
2019-01-03,VRSN,142.58999633789062,-3.029998779296875
2019-01-04,VRSN,148.97000122070312,4.2400054931640625
2019-01-07,VRSN,151.39999389648438,2.279998779296875
2019-01-08,VRSN,156.9199981689453,4.3600006103515625
2019-01-09,VRSN,155.63999938964844,-1.05999755859375
2019-01-10,VRSN,157.75999450683594,2.589996337890625
2019-01-11,VRSN,157.92999267578125,1.04998779296875
2019-01-14,VRSN,157.0,0.5800018310546875
2019-01-15,VRSN,160.4499969482422,2.470001220703125
2019-01-16,VRSN,161.6300048828125,0.6399993896484375
2019-01-17,VRSN,163.4199981689453,2.7899932861328125
2019-01-18,VRSN,164.44000244140625,-0.30999755859375
2019-01-22,VRSN,163.07000732421875,-0.54998779296875
2019-01-23,VRSN,163.08999633789062,-0.1999969482421875
2019-01-24,VRSN,163.47999572753906,0.279998779296875
2019-01-25,VRSN,165.9600067138672,1.040008544921875
2019-01-28,VRSN,166.16000366210938,-1.1299896240234375
2019-01-29,VRSN,164.41000366210938,-2.0399932861328125
2019-01-30,VRSN,168.25,3.1300048828125
2019-01-31,VRSN,169.27000427246094,0.8000030517578125
2019-02-01,VRSN,170.52000427246094,0.790008544921875
2019-02-04,VRSN,173.2899932861328,2.4699859619140625
2019-02-05,VRSN,173.77999877929688,0.4499969482421875
2019-02-06,VRSN,173.88999938964844,0.3600006103515625
2019-02-07,VRSN,173.0500030517578,0.3700103759765625
2019-02-08,VRSN,173.08999633789062,-0.910003662109375
2019-02-11,VRSN,170.52999877929688,-2.7400054931640625
2019-02-12,VRSN,174.2899932861328,2.30999755859375
2019-02-13,VRSN,174.27999877929688,-0.4300079345703125
2019-02-14,VRSN,175.11000061035156,1.5099945068359375
2019-02-15,VRSN,175.39999389648438,-1.1800079345703125
2019-02-19,VRSN,175.67999267578125,0.55999755859375
2019-02-20,VRSN,176.00999450683594,0.029998779296875
2019-02-21,VRSN,176.0,-0.029998779296875
2019-02-22,VRSN,178.7899932861328,2.029998779296875
2019-02-25,VRSN,178.0800018310547,-1.7299957275390625
2019-02-26,VRSN,178.27999877929688,0.399993896484375
2019-02-27,VRSN,177.89999389648438,0.42999267578125
2019-02-28,VRSN,178.0399932861328,0.279998779296875
2019-03-01,VRSN,180.5,1.600006103515625
2019-03-04,VRSN,176.82000732421875,-4.2599945068359375
2019-03-05,VRSN,177.7899932861328,0.80999755859375
2019-03-06,VRSN,176.74000549316406,-0.8600006103515625
2019-03-07,VRSN,177.49000549316406,0.7400054931640625
2019-03-08,VRSN,177.72999572753906,2.1599884033203125
2019-03-11,VRSN,179.07000732421875,0.7800140380859375
2019-03-12,VRSN,180.5,0.649993896484375
2019-03-13,VRSN,180.47999572753906,-0.5800018310546875
2019-03-14,VRSN,181.42999267578125,0.5699920654296875
2019-03-15,VRSN,181.6199951171875,0.0999908447265625
2019-03-18,VRSN,180.91000366210938,-0.720001220703125
2019-03-19,VRSN,182.3000030517578,0.4900054931640625
2019-03-20,VRSN,181.85000610351562,-0.2299957275390625
2019-03-21,VRSN,185.3800048828125,3.8700103759765625
2019-03-22,VRSN,181.6699981689453,-2.660003662109375
2019-03-25,VRSN,181.27000427246094,0.2400054931640625
2019-03-26,VRSN,182.97000122070312,0.3800048828125
2019-03-27,VRSN,180.17999267578125,-2.82000732421875
2019-03-28,VRSN,181.0399932861328,0.589996337890625
2019-03-29,VRSN,181.55999755859375,-0.75
2019-04-01,VRSN,185.9600067138672,2.920013427734375
2019-04-02,VRSN,186.8800048828125,0.94000244140625
2019-04-03,VRSN,188.08999633789062,0.459991455078125
2019-04-04,VRSN,186.1300048828125,-2.529998779296875
2019-04-05,VRSN,189.24000549316406,2.6699981689453125
2019-04-08,VRSN,189.77000427246094,0.760009765625
2019-04-09,VRSN,189.02000427246094,0.0900115966796875
2019-04-10,VRSN,188.97000122070312,-0.100006103515625
2019-04-11,VRSN,189.52999877929688,-0.0500030517578125
2019-04-12,VRSN,189.60000610351562,-0.339996337890625
2019-04-15,VRSN,189.0500030517578,-1.75
2019-04-16,VRSN,188.8000030517578,-0.5800018310546875
2019-04-17,VRSN,186.3000030517578,-3.0800018310546875
2019-04-18,VRSN,186.64999389648438,-0.8000030517578125
2019-04-22,VRSN,187.0399932861328,0.769989013671875
2019-04-23,VRSN,189.2899932861328,1.8499908447265625
2019-04-24,VRSN,189.36000061035156,0.2599945068359375
2019-04-25,VRSN,189.17999267578125,0.4699859619140625
2019-04-26,VRSN,199.86000061035156,5.4600067138671875
2019-04-29,VRSN,197.47000122070312,-2.0800018310546875
2019-04-30,VRSN,197.4499969482422,0.4499969482421875
2019-05-01,VRSN,194.44000244140625,-3.4199981689453125
2019-05-02,VRSN,194.97999572753906,0.9499969482421875
2019-05-03,VRSN,196.9499969482422,1.3300018310546875
2019-05-06,VRSN,197.1300048828125,3.6100006103515625
2019-05-07,VRSN,193.17999267578125,-2.07000732421875
2019-05-08,VRSN,193.14999389648438,0.67999267578125
2019-05-09,VRSN,193.72999572753906,2.739990234375
2019-05-10,VRSN,194.63999938964844,1.7299957275390625
2019-05-13,VRSN,189.2100067138672,0.1800079345703125
2019-05-14,VRSN,191.25,1.5200042724609375
2019-05-15,VRSN,193.8800048828125,4.07000732421875
2019-05-16,VRSN,196.8300018310547,2.3600006103515625
2019-05-17,VRSN,195.3000030517578,-0.2899932861328125
2019-05-20,VRSN,194.16000366210938,0.9300079345703125
2019-05-21,VRSN,195.55999755859375,0.0699920654296875
2019-05-22,VRSN,197.69000244140625,2.30999755859375
2019-05-23,VRSN,194.6300048828125,-1.529998779296875
2019-05-24,VRSN,194.72999572753906,-1.230010986328125
2019-05-28,VRSN,194.77999877929688,-0.82000732421875
2019-05-29,VRSN,194.52000427246094,0.8700103759765625
2019-05-30,VRSN,195.9199981689453,0.94000244140625
2019-05-31,VRSN,194.97999572753906,0.55999755859375
2019-06-03,VRSN,189.3300018310547,-5.459991455078125
2019-06-04,VRSN,194.2899932861328,3.589996337890625
2019-06-05,VRSN,200.3300018310547,3.94000244140625
2019-06-06,VRSN,203.25999450683594,2.839996337890625
2019-06-07,VRSN,207.08999633789062,2.339996337890625
2019-06-10,VRSN,207.11000061035156,-0.6999969482421875
2019-06-11,VRSN,206.5800018310547,-2.5399932861328125
2019-06-12,VRSN,206.5,-0.3000030517578125
2019-06-13,VRSN,205.3699951171875,-1.6699981689453125
2019-06-14,VRSN,205.1999969482422,-0.7299957275390625
2019-06-17,VRSN,203.33999633789062,-2.160003662109375
2019-06-18,VRSN,205.92999267578125,-0.44000244140625
2019-06-19,VRSN,209.41000366210938,3.3800048828125
2019-06-20,VRSN,211.02000427246094,-1.42999267578125
2019-06-21,VRSN,210.75,-0.0500030517578125
2019-06-24,VRSN,209.57000732421875,-1.079986572265625
2019-06-25,VRSN,207.89999389648438,-1.730010986328125
2019-06-26,VRSN,205.69000244140625,-3.1300048828125
2019-06-27,VRSN,207.2899932861328,0.899993896484375
2019-06-28,VRSN,209.16000366210938,1.1800079345703125
2019-07-01,VRSN,211.2899932861328,-0.3100128173828125
2019-07-02,VRSN,213.82000732421875,2.010009765625
2019-07-03,VRSN,217.05999755859375,2.1100006103515625
2019-07-05,VRSN,217.3300018310547,1.30999755859375
2019-07-08,VRSN,215.63999938964844,-0.5200042724609375
2019-07-09,VRSN,217.47999572753906,2.209991455078125
2019-07-10,VRSN,218.8699951171875,-0.100006103515625
2019-07-11,VRSN,218.58999633789062,-1.089996337890625
2019-07-12,VRSN,219.64999389648438,0.970001220703125
2019-07-15,VRSN,221.0399932861328,0.899993896484375
2019-07-16,VRSN,217.5399932861328,-3.5900115966796875
2019-07-17,VRSN,216.9600067138672,-0.5399932861328125
2019-07-18,VRSN,214.8000030517578,-1.94000244140625
2019-07-19,VRSN,214.2100067138672,-2.1999969482421875
2019-07-22,VRSN,215.94000244140625,0.4799957275390625
2019-07-23,VRSN,215.74000549316406,-1.05999755859375
2019-07-24,VRSN,216.83999633789062,2.0999908447265625
2019-07-25,VRSN,215.85000610351562,-0.0699920654296875
2019-07-26,VRSN,216.5800018310547,1.9000091552734375
2019-07-29,VRSN,215.5399932861328,-1.4600067138671875
2019-07-30,VRSN,213.92999267578125,0.42999267578125
2019-07-31,VRSN,211.08999633789062,-3.1699981689453125
2019-08-01,VRSN,212.8000030517578,1.2100067138671875
2019-08-02,VRSN,209.47000122070312,-2.399993896484375
2019-08-05,VRSN,200.3000030517578,-5.209991455078125
2019-08-06,VRSN,204.36000061035156,3.410003662109375
2019-08-07,VRSN,206.13999938964844,4.100006103515625
2019-08-08,VRSN,211.32000732421875,4.760009765625
2019-08-09,VRSN,207.82000732421875,-2.4799957275390625
2019-08-12,VRSN,204.0,-3.399993896484375
2019-08-13,VRSN,208.9600067138672,4.720001220703125
2019-08-14,VRSN,201.8800048828125,-4.1299896240234375
2019-08-15,VRSN,203.39999389648438,1.220001220703125
2019-08-16,VRSN,205.0,-0.589996337890625
2019-08-19,VRSN,206.89999389648438,-1.220001220703125
2019-08-20,VRSN,206.8800048828125,0.05999755859375
2019-08-21,VRSN,208.07000732421875,-1.1099853515625
2019-08-22,VRSN,205.1999969482422,-3.260009765625
2019-08-23,VRSN,200.52000427246094,-3.8499908447265625
2019-08-26,VRSN,202.99000549316406,0.6100006103515625
2019-08-27,VRSN,203.7899932861328,-0.9000091552734375
2019-08-28,VRSN,203.77999877929688,1.089996337890625
2019-08-29,VRSN,205.9600067138672,-0.0999908447265625
2019-08-30,VRSN,203.85000610351562,-2.9399871826171875
2019-09-03,VRSN,202.14999389648438,-0.4000091552734375
2019-09-04,VRSN,203.52999877929688,0.8699951171875
2019-09-05,VRSN,206.5800018310547,1.5800018310546875
2019-09-06,VRSN,207.57000732421875,-0.3499908447265625
2019-09-09,VRSN,201.8800048828125,-6.1399993896484375
2019-09-10,VRSN,196.7100067138672,-3.7199859619140625
2019-09-11,VRSN,190.75,-5.529998779296875
2019-09-12,VRSN,191.17999267578125,0.0999908447265625
2019-09-13,VRSN,188.74000549316406,-2.05999755859375
2019-09-16,VRSN,189.5500030517578,1.55999755859375
2019-09-17,VRSN,191.1999969482422,2.0200042724609375
2019-09-18,VRSN,189.89999389648438,-0.5800018310546875
2019-09-19,VRSN,191.08999633789062,0.3899993896484375
2019-09-20,VRSN,190.69000244140625,0.160003662109375
2019-09-23,VRSN,189.82000732421875,0.170013427734375
2019-09-24,VRSN,186.77999877929688,-3.9199981689453125
2019-09-25,VRSN,189.92999267578125,3.80999755859375
2019-09-26,VRSN,191.19000244140625,1.80999755859375
2019-09-27,VRSN,187.25,-4.7599945068359375
2019-09-30,VRSN,188.6300048828125,0.790008544921875
2019-10-01,VRSN,183.9499969482422,-3.6300048828125
2019-10-02,VRSN,177.9499969482422,-4.6399993896484375
2019-10-03,VRSN,181.41000366210938,3.540008544921875
2019-10-04,VRSN,184.33999633789062,2.519989013671875
2019-10-07,VRSN,183.44000244140625,-0.910003662109375
2019-10-08,VRSN,180.9600067138672,-1.17999267578125
2019-10-09,VRSN,184.02999877929688,1.2899932861328125
2019-10-10,VRSN,185.5500030517578,1.529998779296875
2019-10-11,VRSN,186.49000549316406,-0.9199981689453125
2019-10-14,VRSN,185.75,-0.1100006103515625
2019-10-15,VRSN,186.66000366210938,1.1300048828125
2019-10-16,VRSN,185.33999633789062,-1.220001220703125
2019-10-17,VRSN,186.5500030517578,0.9799957275390625
2019-10-18,VRSN,185.50999450683594,-1.2700042724609375
2019-10-21,VRSN,187.44000244140625,0.760009765625
2019-10-22,VRSN,181.61000061035156,-5.8199920654296875
2019-10-23,VRSN,182.75999450683594,1.6199951171875
2019-10-24,VRSN,185.72999572753906,3.1299896240234375
2019-10-25,VRSN,190.16000366210938,-8.410003662109375
2019-10-28,VRSN,190.9199981689453,0.8499908447265625
2019-10-29,VRSN,189.4499969482422,-1.1200103759765625
2019-10-30,VRSN,191.7100067138672,1.510009765625
2019-10-31,VRSN,190.02000427246094,-1.75
2019-11-01,VRSN,188.07000732421875,-3.279998779296875
2019-11-04,VRSN,186.60000610351562,-3.2299957275390625
2019-11-05,VRSN,186.55999755859375,-0.30999755859375
2019-11-06,VRSN,185.66000366210938,-1.3000030517578125
2019-11-07,VRSN,185.88999938964844,-0.9600067138671875
2019-11-08,VRSN,183.7899932861328,-1.3000030517578125
2019-11-11,VRSN,185.74000549316406,2.9900054931640625
2019-11-12,VRSN,184.38999938964844,-1.149993896484375
2019-11-13,VRSN,185.9600067138672,1.6800079345703125
2019-11-14,VRSN,187.25,1.3000030517578125
2019-11-15,VRSN,186.80999755859375,-1.839996337890625
2019-11-18,VRSN,189.55999755859375,3.55999755859375
2019-11-19,VRSN,193.4600067138672,3.100006103515625
2019-11-20,VRSN,192.5,-0.1100006103515625
2019-11-21,VRSN,189.14999389648438,-3.19000244140625
2019-11-22,VRSN,188.44000244140625,-1.0
2019-11-25,VRSN,188.1300048828125,-0.8499908447265625
2019-11-26,VRSN,191.6699981689453,2.660003662109375
2019-11-27,VRSN,191.83999633789062,0.1199951171875
2019-11-29,VRSN,190.74000549316406,-1.0
2019-12-02,VRSN,184.9499969482422,-5.4499969482421875
2019-12-03,VRSN,186.52999877929688,4.2899932861328125
2019-12-04,VRSN,186.8000030517578,-0.8899993896484375
2019-12-05,VRSN,185.57000732421875,-1.30999755859375
2019-12-06,VRSN,188.25999450683594,1.1899871826171875
2019-12-09,VRSN,188.55999755859375,0.05999755859375
2019-12-10,VRSN,188.13999938964844,-0.5399932861328125
2019-12-11,VRSN,189.9199981689453,0.92999267578125
2019-12-12,VRSN,189.97000122070312,0.290008544921875
2019-12-13,VRSN,191.49000549316406,2.480010986328125
2019-12-16,VRSN,192.66000366210938,0.279998779296875
2019-12-17,VRSN,190.92999267578125,-1.850006103515625
2019-12-18,VRSN,190.14999389648438,-1.410003662109375
2019-12-19,VRSN,190.1999969482422,-0.1399993896484375
2019-12-20,VRSN,192.4499969482422,0.589996337890625
2019-12-23,VRSN,192.42999267578125,-0.540008544921875
2019-12-24,VRSN,192.75,0.1100006103515625
2019-12-26,VRSN,193.7100067138672,0.420013427734375
2019-12-27,VRSN,194.0500030517578,-0.17999267578125
2019-12-30,VRSN,192.3300018310547,-1.720001220703125
2019-12-31,VRSN,192.67999267578125,1.019989013671875
2020-01-02,VRSN,196.72999572753906,1.8199920654296875
2020-01-03,VRSN,200.8800048828125,7.6800079345703125
2020-01-06,VRSN,202.74000549316406,2.75
2020-01-07,VRSN,203.2100067138672,-0.1299896240234375
2020-01-08,VRSN,204.14999389648438,0.9199981689453125
2020-01-09,VRSN,208.8800048828125,3.3300018310546875
2020-01-10,VRSN,209.1199951171875,-0.8800048828125
2020-01-13,VRSN,211.75,1.5800018310546875
2020-01-14,VRSN,209.3699951171875,-1.850006103515625
2020-01-15,VRSN,211.74000549316406,2.1100006103515625
2020-01-16,VRSN,213.5399932861328,0.029998779296875
2020-01-17,VRSN,214.0,-0.0399932861328125
2020-01-21,VRSN,214.44000244140625,1.0500030517578125
2020-01-22,VRSN,214.08999633789062,-1.5200042724609375
2020-01-23,VRSN,215.02000427246094,0.3600006103515625
2020-01-24,VRSN,212.75,-3.4600067138671875
2020-01-27,VRSN,209.77000427246094,0.5
2020-01-28,VRSN,210.97000122070312,0.3899993896484375
2020-01-29,VRSN,212.1300048828125,0.4900054931640625
2020-01-30,VRSN,213.33999633789062,3.3499908447265625
2020-01-31,VRSN,208.13999938964844,-4.7700042724609375
2020-02-03,VRSN,210.55999755859375,1.92999267578125
2020-02-04,VRSN,214.47999572753906,1.1299896240234375
2020-02-05,VRSN,213.25999450683594,-2.4900054931640625
2020-02-06,VRSN,216.94000244140625,2.4900054931640625
2020-02-07,VRSN,205.07000732421875,-3.92999267578125
2020-02-10,VRSN,205.8300018310547,0.32000732421875
2020-02-11,VRSN,204.4600067138672,-1.8499908447265625
2020-02-12,VRSN,208.2899932861328,3.6199951171875
2020-02-13,VRSN,209.80999755859375,2.410003662109375
2020-02-14,VRSN,209.57000732421875,-0.42999267578125
2020-02-18,VRSN,210.47999572753906,1.0800018310546875
2020-02-19,VRSN,211.22999572753906,0.339996337890625
2020-02-20,VRSN,209.05999755859375,-1.2100067138671875
2020-02-21,VRSN,206.1199951171875,-1.600006103515625
2020-02-24,VRSN,200.41000366210938,-2.7899932861328125
2020-02-25,VRSN,193.64999389648438,-8.170013427734375
2020-02-26,VRSN,195.85000610351562,0.290008544921875
2020-02-27,VRSN,190.5399932861328,-2.0800018310546875
2020-02-28,VRSN,189.75,4.649993896484375
2020-03-02,VRSN,196.85000610351562,8.580001831054688
2020-03-03,VRSN,189.0500030517578,-5.6399993896484375
2020-03-04,VRSN,199.77999877929688,7.8300018310546875
2020-03-05,VRSN,192.30999755859375,-1.3800048828125
2020-03-06,VRSN,192.00999450683594,5.9499969482421875
2020-03-09,VRSN,176.80999755859375,-4.2400054931640625
2020-03-10,VRSN,186.05999755859375,3.1199951171875
2020-03-11,VRSN,178.02999877929688,-2.5099945068359375
2020-03-12,VRSN,165.6699981689453,-1.970001220703125
2020-03-13,VRSN,182.6199951171875,8.69000244140625
2020-03-16,VRSN,160.27999877929688,-5.3300018310546875
2020-03-17,VRSN,176.19000244140625,11.779998779296875
2020-03-18,VRSN,164.0,-1.8600006103515625
2020-03-19,VRSN,164.60000610351562,2.1500091552734375
2020-03-20,VRSN,157.1300048828125,-9.909988403320312
2020-03-23,VRSN,151.1699981689453,-8.790008544921875
2020-03-24,VRSN,170.52999877929688,11.410003662109375
2020-03-25,VRSN,166.97000122070312,1.220001220703125
2020-03-26,VRSN,175.89999389648438,8.669998168945312
2020-03-27,VRSN,173.91000366210938,2.0
2020-03-30,VRSN,188.5500030517578,12.5
2020-03-31,VRSN,180.08999633789062,-4.510009765625
2020-04-01,VRSN,175.4600067138672,2.0300140380859375
2020-04-02,VRSN,181.8000030517578,10.080001831054688
2020-04-03,VRSN,182.69000244140625,2.0800018310546875
2020-04-06,VRSN,195.85000610351562,4.0200042724609375
2020-04-07,VRSN,190.9499969482422,-8.5
2020-04-08,VRSN,193.1999969482422,1.8199920654296875
2020-04-09,VRSN,196.07000732421875,2.3700103759765625
2020-04-13,VRSN,199.0,4.4600067138671875
2020-04-14,VRSN,204.33999633789062,2.8799896240234375
2020-04-15,VRSN,201.3000030517578,-0.1699981689453125
2020-04-16,VRSN,206.1199951171875,2.6399993896484375
2020-04-17,VRSN,209.92999267578125,1.279998779296875
2020-04-20,VRSN,210.89999389648438,2.3899993896484375
2020-04-21,VRSN,206.75,-1.2400054931640625
2020-04-22,VRSN,215.66000366210938,6.660003662109375
2020-04-23,VRSN,213.0,-2.0
2020-04-24,VRSN,212.1300048828125,-6.8600006103515625
2020-04-27,VRSN,214.22999572753906,0.7599945068359375
2020-04-28,VRSN,211.07000732421875,-6.9499969482421875
2020-04-29,VRSN,211.38999938964844,-2.8000030517578125
2020-04-30,VRSN,209.49000549316406,-1.8600006103515625
2020-05-01,VRSN,205.02000427246094,-1.1599884033203125
2020-05-04,VRSN,208.83999633789062,2.5
2020-05-05,VRSN,210.5500030517578,1.2400054931640625
2020-05-06,VRSN,212.4199981689453,2.220001220703125
2020-05-07,VRSN,211.77999877929688,-3.8000030517578125
2020-05-08,VRSN,210.0399932861328,-3.8100128173828125
2020-05-11,VRSN,212.14999389648438,1.7299957275390625
2020-05-12,VRSN,208.86000061035156,-2.850006103515625
2020-05-13,VRSN,212.08999633789062,3.470001220703125
2020-05-14,VRSN,214.9600067138672,5.5800018310546875
2020-05-15,VRSN,217.25,4.399993896484375
2020-05-18,VRSN,217.0800018310547,-0.7400054931640625
2020-05-19,VRSN,212.41000366210938,-5.0399932861328125
2020-05-20,VRSN,215.80999755859375,1.80999755859375
2020-05-21,VRSN,211.05999755859375,-4.600006103515625
2020-05-22,VRSN,213.72000122070312,3.720001220703125
2020-05-26,VRSN,208.22000122070312,-9.05999755859375
2020-05-27,VRSN,209.97999572753906,2.0800018310546875
2020-05-28,VRSN,212.77999877929688,3.0200042724609375
2020-05-29,VRSN,219.00999450683594,4.2299957275390625
2020-06-01,VRSN,219.02999877929688,1.0
2020-06-02,VRSN,217.38999938964844,-3.5200042724609375
2020-06-03,VRSN,213.9600067138672,-4.899993896484375
2020-06-04,VRSN,210.22999572753906,-3.07000732421875
2020-06-05,VRSN,211.27999877929688,3.0800018310546875
2020-06-08,VRSN,214.4499969482422,6.3300018310546875
2020-06-09,VRSN,213.42999267578125,-1.5500030517578125
2020-06-10,VRSN,213.14999389648438,-1.010009765625
2020-06-11,VRSN,204.16000366210938,-7.3199920654296875
2020-06-12,VRSN,204.1699981689453,-3.1500091552734375
2020-06-15,VRSN,205.85000610351562,4.0600128173828125
2020-06-16,VRSN,207.39999389648438,-2.420013427734375
2020-06-17,VRSN,209.0,0.4499969482421875
2020-06-18,VRSN,207.22999572753906,-2.0500030517578125
2020-06-19,VRSN,205.25999450683594,-3.790008544921875
2020-06-22,VRSN,205.75,0.600006103515625
2020-06-23,VRSN,207.19000244140625,-0.6999969482421875
2020-06-24,VRSN,202.72999572753906,-2.6999969482421875
2020-06-25,VRSN,205.11000061035156,2.7100067138671875
2020-06-26,VRSN,203.63999938964844,-1.07000732421875
2020-06-29,VRSN,204.10000610351562,-1.0
2020-06-30,VRSN,206.8300018310547,3.44000244140625
2020-07-01,VRSN,210.47999572753906,4.3499908447265625
2020-07-02,VRSN,210.80999755859375,0.8600006103515625
2020-07-06,VRSN,212.1999969482422,-1.4799957275390625
2020-07-07,VRSN,211.11000061035156,0.0
2020-07-08,VRSN,210.8000030517578,-1.149993896484375
2020-07-09,VRSN,212.61000061035156,1.69000244140625
2020-07-10,VRSN,209.99000549316406,-1.7899932861328125
2020-07-13,VRSN,201.0,-10.19000244140625
2020-07-14,VRSN,198.64999389648438,-0.57000732421875
2020-07-15,VRSN,199.19000244140625,-0.8000030517578125
2020-07-16,VRSN,198.38999938964844,0.3899993896484375
2020-07-17,VRSN,199.6999969482422,0.2700042724609375
2020-07-20,VRSN,207.66000366210938,7.660003662109375
2020-07-21,VRSN,205.00999450683594,-3.0900115966796875
2020-07-22,VRSN,205.80999755859375,-0.3800048828125
2020-07-23,VRSN,205.47999572753906,-0.6399993896484375
2020-07-24,VRSN,208.52999877929688,1.42999267578125
2020-07-27,VRSN,209.7899932861328,1.529998779296875
2020-07-28,VRSN,206.4199981689453,-3.0500030517578125
2020-07-29,VRSN,208.72999572753906,1.899993896484375
2020-07-30,VRSN,208.47999572753906,3.2899932861328125
2020-07-31,VRSN,211.67999267578125,2.489990234375
2020-08-03,VRSN,212.0500030517578,0.4199981689453125
2020-08-04,VRSN,214.3800048828125,2.510009765625
2020-08-05,VRSN,212.16000366210938,-2.839996337890625
2020-08-06,VRSN,211.8000030517578,0.3300018310546875
2020-08-07,VRSN,210.39999389648438,-0.910003662109375
2020-08-10,VRSN,206.3000030517578,-3.6999969482421875
2020-08-11,VRSN,201.8000030517578,-5.029998779296875
2020-08-12,VRSN,205.22000122070312,3.0800018310546875
2020-08-13,VRSN,210.3000030517578,5.0800018310546875
2020-08-14,VRSN,207.2899932861328,-3.6399993896484375
2020-08-17,VRSN,206.75,-1.07000732421875
2020-08-18,VRSN,206.99000549316406,-0.8799896240234375
2020-08-19,VRSN,206.14999389648438,-1.32000732421875
2020-08-20,VRSN,208.16000366210938,5.3600006103515625
2020-08-21,VRSN,206.72999572753906,-0.6399993896484375
2020-08-24,VRSN,207.3000030517578,1.3700103759765625
2020-08-25,VRSN,205.6999969482422,-0.19000244140625
2020-08-26,VRSN,208.50999450683594,1.6699981689453125
2020-08-27,VRSN,207.8699951171875,-2.100006103515625
2020-08-28,VRSN,208.13999938964844,0.25
2020-08-31,VRSN,214.8000030517578,5.4499969482421875
2020-09-01,VRSN,215.77999877929688,0.410003662109375
2020-09-02,VRSN,219.6999969482422,2.6999969482421875
2020-09-03,VRSN,207.77999877929688,-12.300003051757812
2020-09-04,VRSN,203.5399932861328,-3.8899993896484375
2020-09-08,VRSN,196.80999755859375,-2.279998779296875
2020-09-09,VRSN,200.3300018310547,1.100006103515625
2020-09-10,VRSN,198.0,-2.19000244140625
2020-09-11,VRSN,198.1300048828125,0.1300048828125
2020-09-14,VRSN,202.0,1.4199981689453125
2020-09-15,VRSN,204.3300018310547,0.7100067138671875
2020-09-16,VRSN,202.99000549316406,-2.75
2020-09-17,VRSN,203.49000549316406,4.3000030517578125
2020-09-18,VRSN,204.67999267578125,0.529998779296875
2020-09-21,VRSN,202.88999938964844,0.149993896484375
2020-09-22,VRSN,205.2899932861328,1.0999908447265625
2020-09-23,VRSN,200.13999938964844,-5.19000244140625
2020-09-24,VRSN,202.00999450683594,2.220001220703125
2020-09-25,VRSN,205.5800018310547,2.910003662109375
2020-09-28,VRSN,204.72000122070312,-3.6100006103515625
2020-09-29,VRSN,204.91000366210938,4.279998779296875
2020-09-30,VRSN,204.85000610351562,-0.17999267578125
2020-10-01,VRSN,207.22000122070312,0.6999969482421875
2020-10-02,VRSN,202.16000366210938,-1.2899932861328125
2020-10-05,VRSN,203.4499969482422,1.029998779296875
2020-10-06,VRSN,202.08999633789062,-1.2100067138671875
2020-10-07,VRSN,203.82000732421875,1.540008544921875
2020-10-08,VRSN,205.47000122070312,1.0200042724609375
2020-10-09,VRSN,209.55999755859375,2.529998779296875
2020-10-12,VRSN,214.14999389648438,1.92999267578125
2020-10-13,VRSN,216.0,1.1199951171875
2020-10-14,VRSN,212.13999938964844,-3.5500030517578125
2020-10-15,VRSN,208.60000610351562,-0.8699951171875
2020-10-16,VRSN,207.33999633789062,-1.220001220703125
2020-10-19,VRSN,203.1699981689453,-4.3000030517578125
2020-10-20,VRSN,203.9600067138672,-0.0999908447265625
2020-10-21,VRSN,205.55999755859375,1.0999908447265625
2020-10-22,VRSN,207.86000061035156,1.839996337890625
2020-10-23,VRSN,200.8000030517578,-2.910003662109375
2020-10-26,VRSN,198.5800018310547,-0.149993896484375
2020-10-27,VRSN,199.05999755859375,-1.07000732421875
2020-10-28,VRSN,189.8300018310547,-5.9799957275390625
2020-10-29,VRSN,191.58999633789062,3.239990234375
2020-10-30,VRSN,190.6999969482422,0.8499908447265625
2020-11-02,VRSN,189.1999969482422,-4.05999755859375
2020-11-03,VRSN,191.50999450683594,-0.010009765625
2020-11-04,VRSN,203.38999938964844,5.5200042724609375
2020-11-05,VRSN,208.32000732421875,1.0900115966796875
2020-11-06,VRSN,206.6699981689453,-1.9600067138671875
2020-11-09,VRSN,203.4600067138672,-4.0399932861328125
2020-11-10,VRSN,199.97999572753906,-0.0200042724609375
2020-11-11,VRSN,201.89999389648438,0.30999755859375
2020-11-12,VRSN,198.97000122070312,-3.720001220703125
2020-11-13,VRSN,198.50999450683594,-1.160003662109375
2020-11-16,VRSN,194.8800048828125,-2.8899993896484375
2020-11-17,VRSN,194.50999450683594,0.4099884033203125
2020-11-18,VRSN,194.25999450683594,-0.25
2020-11-19,VRSN,197.44000244140625,3.760009765625
2020-11-20,VRSN,196.44000244140625,0.040008544921875
2020-11-23,VRSN,196.57000732421875,-0.7299957275390625
2020-11-24,VRSN,197.4600067138672,0.9600067138671875
2020-11-25,VRSN,198.72000122070312,0.2100067138671875
2020-11-27,VRSN,200.52000427246094,1.279998779296875
2020-11-30,VRSN,200.72000122070312,0.9900054931640625
2020-12-01,VRSN,200.75,-0.25
2020-12-02,VRSN,200.24000549316406,-0.209991455078125
2020-12-03,VRSN,200.80999755859375,1.220001220703125
2020-12-04,VRSN,203.99000549316406,2.6699981689453125
2020-12-07,VRSN,205.25999450683594,1.899993896484375
2020-12-08,VRSN,206.9199981689453,0.899993896484375
2020-12-09,VRSN,204.41000366210938,-6.44000244140625
2020-12-10,VRSN,207.75,3.69000244140625
2020-12-11,VRSN,209.99000549316406,3.3700103759765625
2020-12-14,VRSN,212.11000061035156,2.3600006103515625
2020-12-15,VRSN,213.50999450683594,-0.2100067138671875
2020-12-16,VRSN,215.47999572753906,1.339996337890625
2020-12-17,VRSN,217.92999267578125,1.3599853515625
2020-12-18,VRSN,217.82000732421875,-1.149993896484375
2020-12-21,VRSN,214.88999938964844,-0.30999755859375
2020-12-22,VRSN,216.33999633789062,1.5099945068359375
2020-12-23,VRSN,214.00999450683594,-1.9199981689453125
2020-12-24,VRSN,214.58999633789062,-0.6399993896484375
2020-12-28,VRSN,216.8000030517578,0.529998779296875
2020-12-29,VRSN,215.6300048828125,-2.5099945068359375
2020-12-30,VRSN,214.5,-2.2299957275390625
2020-12-31,VRSN,216.39999389648438,1.55999755859375
2021-01-04,VRSN,213.5800018310547,-3.339996337890625
2021-01-05,VRSN,206.5,-5.30999755859375
2021-01-06,VRSN,199.50999450683594,-4.1800079345703125
2021-01-07,VRSN,200.0,-0.399993896484375
2021-01-08,VRSN,202.44000244140625,1.510009765625
2021-01-11,VRSN,199.14999389648438,-2.8600006103515625
2021-01-12,VRSN,198.5800018310547,0.0800018310546875
2021-01-13,VRSN,199.39999389648438,0.0699920654296875
2021-01-14,VRSN,195.6999969482422,-3.8000030517578125
2021-01-15,VRSN,195.27000427246094,0.1399993896484375
2021-01-19,VRSN,197.0800018310547,0.9600067138671875
2021-01-20,VRSN,199.94000244140625,2.339996337890625
2021-01-21,VRSN,197.13999938964844,-2.649993896484375
2021-01-22,VRSN,194.75,-2.220001220703125
2021-01-25,VRSN,192.0,-3.3899993896484375
2021-01-26,VRSN,196.0500030517578,4.0200042724609375
2021-01-27,VRSN,194.5800018310547,-1.1199951171875
2021-01-28,VRSN,196.80999755859375,2.149993896484375
2021-01-29,VRSN,194.07000732421875,-0.8199920654296875
2021-02-01,VRSN,198.7100067138672,3.2400054931640625
2021-02-02,VRSN,202.4600067138672,3.350006103515625
2021-02-03,VRSN,199.14999389648438,-2.779998779296875
2021-02-04,VRSN,199.30999755859375,-0.44000244140625
2021-02-05,VRSN,199.52000427246094,-0.80999755859375
2021-02-08,VRSN,200.52000427246094,0.4900054931640625
2021-02-09,VRSN,200.2899932861328,0.3199920654296875
2021-02-10,VRSN,203.14999389648438,0.67999267578125
2021-02-11,VRSN,204.5500030517578,0.4799957275390625
2021-02-12,VRSN,202.38999938964844,-6.4900054931640625
2021-02-16,VRSN,198.14999389648438,-3.5
2021-02-17,VRSN,199.11000061035156,1.82000732421875
2021-02-18,VRSN,201.08999633789062,2.769989013671875
2021-02-19,VRSN,197.9499969482422,-2.6100006103515625
2021-02-22,VRSN,193.22999572753906,-3.3899993896484375
2021-02-23,VRSN,192.05999755859375,-0.8699951171875
2021-02-24,VRSN,195.50999450683594,5.709991455078125
2021-02-25,VRSN,190.36000061035156,-2.8199920654296875
2021-02-26,VRSN,194.02999877929688,2.149993896484375
2021-03-01,VRSN,195.8000030517578,0.220001220703125
2021-03-02,VRSN,193.99000549316406,-1.779998779296875
2021-03-03,VRSN,190.47999572753906,-2.230010986328125
2021-03-04,VRSN,190.3000030517578,0.040008544921875
2021-03-05,VRSN,193.77000427246094,3.1200103759765625
2021-03-08,VRSN,188.85000610351562,-4.339996337890625
2021-03-09,VRSN,191.99000549316406,1.1200103759765625
2021-03-10,VRSN,190.10000610351562,-4.0399932861328125
2021-03-11,VRSN,192.02000427246094,0.8800048828125
2021-03-12,VRSN,188.10000610351562,-3.4399871826171875
2021-03-15,VRSN,190.3699951171875,3.2899932861328125
2021-03-16,VRSN,191.1300048828125,-1.0699920654296875
2021-03-17,VRSN,190.74000549316406,0.7400054931640625
2021-03-18,VRSN,188.52000427246094,0.8000030517578125
2021-03-19,VRSN,192.0500030517578,2.7100067138671875
2021-03-22,VRSN,194.4499969482422,1.7599945068359375
2021-03-23,VRSN,196.25999450683594,0.55999755859375
2021-03-24,VRSN,195.02999877929688,-1.3899993896484375
2021-03-25,VRSN,193.3800048828125,-2.3799896240234375
2021-03-26,VRSN,199.67999267578125,7.05999755859375
2021-03-29,VRSN,201.17999267578125,2.0099945068359375
2021-03-30,VRSN,194.8699951171875,-4.6200103759765625
2021-03-31,VRSN,198.75999450683594,2.9499969482421875
2021-04-01,VRSN,201.89999389648438,1.80999755859375
2021-04-05,VRSN,206.17999267578125,3.779998779296875
2021-04-06,VRSN,205.5800018310547,0.4499969482421875
2021-04-07,VRSN,204.3699951171875,-1.20001220703125
2021-04-08,VRSN,204.74000549316406,-1.470001220703125
2021-04-09,VRSN,205.3000030517578,-0.589996337890625
2021-04-12,VRSN,203.72000122070312,-0.2299957275390625
2021-04-13,VRSN,205.19000244140625,0.75
2021-04-14,VRSN,203.8800048828125,-0.9799957275390625
2021-04-15,VRSN,208.32000732421875,3.410003662109375
2021-04-16,VRSN,208.16000366210938,-0.42999267578125
2021-04-19,VRSN,207.25999450683594,-0.779998779296875
2021-04-20,VRSN,209.5,2.410003662109375
2021-04-21,VRSN,211.11000061035156,2.2400054931640625
2021-04-22,VRSN,212.3699951171875,1.29998779296875
2021-04-23,VRSN,211.47000122070312,1.4199981689453125
2021-04-26,VRSN,216.66000366210938,5.5
2021-04-27,VRSN,220.0500030517578,4.0500030517578125
2021-04-28,VRSN,218.14999389648438,-1.850006103515625
2021-04-29,VRSN,219.6199951171875,0.019989013671875
2021-04-30,VRSN,218.77000427246094,2.720001220703125
2021-05-03,VRSN,221.25,1.4499969482421875
2021-05-04,VRSN,219.22000122070312,0.2400054931640625
2021-05-05,VRSN,218.39999389648438,-1.8100128173828125
2021-05-06,VRSN,223.24000549316406,4.8100128173828125
2021-05-07,VRSN,222.88999938964844,1.220001220703125
2021-05-10,VRSN,221.88999938964844,-0.8800048828125
2021-05-11,VRSN,221.4600067138672,0.8899993896484375
2021-05-12,VRSN,218.5500030517578,1.1999969482421875
2021-05-13,VRSN,219.25,-1.5399932861328125
2021-05-14,VRSN,220.9199981689453,0.6300048828125
2021-05-17,VRSN,219.66000366210938,-0.67999267578125
2021-05-18,VRSN,217.9199981689453,-1.7100067138671875
2021-05-19,VRSN,218.02000427246094,2.32000732421875
2021-05-20,VRSN,222.9499969482422,4.19000244140625
2021-05-21,VRSN,221.38999938964844,-0.2599945068359375
2021-05-24,VRSN,224.5,1.19000244140625
2021-05-25,VRSN,224.5,-0.92999267578125
2021-05-26,VRSN,223.61000061035156,-0.8800048828125
2021-05-27,VRSN,220.39999389648438,-2.670013427734375
2021-05-28,VRSN,219.9199981689453,-1.3800048828125
2021-06-01,VRSN,217.0800018310547,-3.5500030517578125
2021-06-02,VRSN,216.9499969482422,-0.80999755859375
2021-06-03,VRSN,216.0,0.8300018310546875
2021-06-04,VRSN,219.25999450683594,1.5999908447265625
2021-06-07,VRSN,218.92999267578125,0.17999267578125
2021-06-08,VRSN,218.7899932861328,-0.600006103515625
2021-06-09,VRSN,217.80999755859375,-1.82000732421875
2021-06-10,VRSN,220.97000122070312,2.470001220703125
2021-06-11,VRSN,221.0,-0.089996337890625
2021-06-14,VRSN,220.1699981689453,-0.2700042724609375
2021-06-15,VRSN,220.77999877929688,-0.1100006103515625
2021-06-16,VRSN,218.8000030517578,-3.0999908447265625
2021-06-17,VRSN,223.25999450683594,4.9099884033203125
2021-06-18,VRSN,223.1699981689453,0.089996337890625
2021-06-21,VRSN,224.74000549316406,1.029998779296875
2021-06-22,VRSN,226.85000610351562,1.8700103759765625
2021-06-23,VRSN,226.30999755859375,-0.8899993896484375
2021-06-24,VRSN,229.42999267578125,2.2599945068359375
2021-06-25,VRSN,227.72999572753906,-2.32000732421875
2021-06-28,VRSN,228.69000244140625,0.1399993896484375
2021-06-29,VRSN,229.77999877929688,2.6100006103515625
2021-06-30,VRSN,227.69000244140625,-2.0999908447265625
2021-07-01,VRSN,229.19000244140625,1.589996337890625
2021-07-02,VRSN,231.3300018310547,0.3899993896484375
2021-07-06,VRSN,231.47000122070312,0.1399993896484375
2021-07-07,VRSN,232.8300018310547,0.029998779296875
2021-07-08,VRSN,231.80999755859375,0.660003662109375
2021-07-09,VRSN,233.02999877929688,1.839996337890625
2021-07-12,VRSN,229.16000366210938,-4.5399932861328125
2021-07-13,VRSN,228.49000549316406,-0.519989013671875
2021-07-14,VRSN,230.63999938964844,1.7100067138671875
2021-07-15,VRSN,229.2100067138672,-1.9799957275390625
2021-07-16,VRSN,229.74000549316406,-0.1199951171875
2021-07-19,VRSN,228.5500030517578,-1.3300018310546875
2021-07-20,VRSN,229.42999267578125,0.739990234375
2021-07-21,VRSN,230.1300048828125,0.9199981689453125
2021-07-22,VRSN,233.52999877929688,3.029998779296875
2021-07-23,VRSN,222.5399932861328,-2.19000244140625
2021-07-26,VRSN,222.9600067138672,1.8600006103515625
2021-07-27,VRSN,219.1699981689453,-4.1100006103515625
2021-07-28,VRSN,216.24000549316406,-2.6899871826171875
2021-07-29,VRSN,216.0399932861328,0.279998779296875
2021-07-30,VRSN,216.3699951171875,1.69000244140625
2021-08-02,VRSN,216.44000244140625,-0.899993896484375
2021-08-03,VRSN,215.77000427246094,-0.6599884033203125
2021-08-04,VRSN,213.8800048828125,-1.399993896484375
2021-08-05,VRSN,214.8699951171875,1.089996337890625
2021-08-06,VRSN,213.91000366210938,-0.209991455078125
2021-08-09,VRSN,214.38999938964844,0.0200042724609375
2021-08-10,VRSN,211.9600067138672,-2.519989013671875
2021-08-11,VRSN,211.74000549316406,-0.3799896240234375
2021-08-12,VRSN,210.3000030517578,-1.6999969482421875
2021-08-13,VRSN,209.44000244140625,-0.3899993896484375
2021-08-16,VRSN,210.60000610351562,1.5800018310546875
2021-08-17,VRSN,211.5500030517578,0.9199981689453125
2021-08-18,VRSN,208.7100067138672,-2.0
2021-08-19,VRSN,211.83999633789062,3.220001220703125
2021-08-20,VRSN,213.0399932861328,0.589996337890625
2021-08-23,VRSN,214.69000244140625,1.1699981689453125
2021-08-24,VRSN,213.36000061035156,-1.7700042724609375
2021-08-25,VRSN,211.9600067138672,-1.899993896484375
2021-08-26,VRSN,212.72999572753906,1.5500030517578125
2021-08-27,VRSN,214.66000366210938,2.19000244140625
2021-08-30,VRSN,216.14999389648438,1.019989013671875
2021-08-31,VRSN,216.25999450683594,-0.410003662109375
2021-09-01,VRSN,218.50999450683594,1.709991455078125
2021-09-02,VRSN,220.5,1.5800018310546875
2021-09-03,VRSN,220.22999572753906,0.269989013671875
2021-09-07,VRSN,220.25,-0.149993896484375
2021-09-08,VRSN,222.72000122070312,1.720001220703125
2021-09-09,VRSN,221.89999389648438,-1.529998779296875
2021-09-10,VRSN,221.1699981689453,-1.5
2021-09-13,VRSN,221.0800018310547,-1.5999908447265625
2021-09-14,VRSN,221.9499969482422,0.8699951171875
2021-09-15,VRSN,224.27000427246094,2.0800018310546875
2021-09-16,VRSN,224.72999572753906,0.4199981689453125
2021-09-17,VRSN,218.77000427246094,-5.5999908447265625
2021-09-20,VRSN,214.0800018310547,-3.5699920654296875
2021-09-21,VRSN,213.72000122070312,-0.8800048828125
2021-09-22,VRSN,214.8699951171875,1.54998779296875
2021-09-23,VRSN,216.47999572753906,1.80999755859375
2021-09-24,VRSN,217.77000427246094,2.230010986328125
2021-09-27,VRSN,213.89999389648438,-2.410003662109375
2021-09-28,VRSN,205.66000366210938,-5.8300018310546875
2021-09-29,VRSN,205.72999572753906,-0.5200042724609375
2021-09-30,VRSN,205.00999450683594,-1.9600067138671875
2021-10-01,VRSN,206.67999267578125,0.5099945068359375
2021-10-04,VRSN,205.35000610351562,-0.0399932861328125
2021-10-05,VRSN,206.6300048828125,0.8899993896484375
2021-10-06,VRSN,208.19000244140625,3.160003662109375
2021-10-07,VRSN,209.6300048828125,-0.0399932861328125
2021-10-08,VRSN,205.94000244140625,-4.0399932861328125
2021-10-11,VRSN,204.8300018310547,-0.0999908447265625
2021-10-12,VRSN,204.6699981689453,-0.30999755859375
2021-10-13,VRSN,209.97000122070312,4.7599945068359375
2021-10-14,VRSN,213.22999572753906,1.089996337890625
2021-10-15,VRSN,214.47000122070312,1.1300048828125
2021-10-18,VRSN,214.41000366210938,0.5800018310546875
2021-10-19,VRSN,215.58999633789062,0.5800018310546875
2021-10-20,VRSN,214.24000549316406,-1.220001220703125
2021-10-21,VRSN,216.0800018310547,2.1500091552734375
2021-10-22,VRSN,218.75,2.5
2021-10-25,VRSN,219.52000427246094,0.5500030517578125
2021-10-26,VRSN,215.7100067138672,-5.25
2021-10-27,VRSN,211.8300018310547,-3.3699951171875
2021-10-28,VRSN,210.7100067138672,-1.279998779296875
2021-10-29,VRSN,222.6699981689453,6.779998779296875
2021-11-01,VRSN,223.07000732421875,0.850006103515625
2021-11-02,VRSN,225.7100067138672,2.010009765625
2021-11-03,VRSN,226.08999633789062,0.75
2021-11-04,VRSN,230.52999877929688,3.5200042724609375
2021-11-05,VRSN,232.66000366210938,1.1399993896484375
2021-11-08,VRSN,232.72000122070312,-0.8699951171875
2021-11-09,VRSN,233.5800018310547,1.3899993896484375
2021-11-10,VRSN,231.69000244140625,-0.5200042724609375
2021-11-11,VRSN,233.13999938964844,0.8600006103515625
2021-11-12,VRSN,236.0500030517578,1.040008544921875
2021-11-15,VRSN,239.2100067138672,2.6500091552734375
2021-11-16,VRSN,239.69000244140625,0.4799957275390625
2021-11-17,VRSN,239.5,-0.5399932861328125
2021-11-18,VRSN,241.02000427246094,1.7700042724609375
2021-11-19,VRSN,245.6999969482422,3.80999755859375
2021-11-22,VRSN,241.5,-3.410003662109375
2021-11-23,VRSN,241.89999389648438,1.769989013671875
2021-11-24,VRSN,245.38999938964844,4.089996337890625
2021-11-26,VRSN,241.02000427246094,-3.9099884033203125
2021-11-29,VRSN,244.4600067138672,2.3400115966796875
2021-11-30,VRSN,239.91000366210938,-5.220001220703125
2021-12-01,VRSN,238.14999389648438,-2.100006103515625
2021-12-02,VRSN,240.72999572753906,2.25
2021-12-03,VRSN,238.61000061035156,-2.8000030517578125
2021-12-06,VRSN,240.0399932861328,0.6999969482421875
2021-12-07,VRSN,244.27999877929688,1.44000244140625
2021-12-08,VRSN,242.92999267578125,-2.220001220703125
2021-12-09,VRSN,240.55999755859375,-1.8899993896484375
2021-12-10,VRSN,244.6999969482422,2.0200042724609375
2021-12-13,VRSN,242.9199981689453,1.9799957275390625
2021-12-14,VRSN,238.07000732421875,-3.579986572265625
2021-12-15,VRSN,241.72000122070312,2.8800048828125
2021-12-16,VRSN,239.9199981689453,-2.8000030517578125
2021-12-17,VRSN,242.11000061035156,2.9900054931640625
2021-12-20,VRSN,241.1999969482422,1.410003662109375
2021-12-21,VRSN,244.3000030517578,2.55999755859375
2021-12-22,VRSN,246.72999572753906,2.3799896240234375
2021-12-23,VRSN,249.63999938964844,2.220001220703125
2021-12-27,VRSN,252.0,1.6199951171875
2021-12-28,VRSN,252.41000366210938,-0.589996337890625
2021-12-29,VRSN,255.92999267578125,2.2899932861328125
2021-12-30,VRSN,254.30999755859375,-2.019989013671875
2021-12-31,VRSN,253.82000732421875,-0.17999267578125
2022-01-03,VRSN,252.11000061035156,-0.410003662109375
2022-01-04,VRSN,250.42999267578125,-1.6400146484375
2022-01-05,VRSN,243.50999450683594,-5.230010986328125
2022-01-06,VRSN,241.82000732421875,-1.579986572265625
2022-01-07,VRSN,237.7100067138672,-3.589996337890625
2022-01-10,VRSN,236.60000610351562,0.8700103759765625
2022-01-11,VRSN,236.24000549316406,0.1100006103515625
2022-01-12,VRSN,238.25,1.100006103515625
2022-01-13,VRSN,229.86000061035156,-9.360000610351562
2022-01-14,VRSN,226.47999572753906,-1.4199981689453125
2022-01-18,VRSN,220.10000610351562,-2.29998779296875
2022-01-19,VRSN,217.24000549316406,-3.5099945068359375
2022-01-20,VRSN,216.52999877929688,-2.040008544921875
2022-01-21,VRSN,217.13999938964844,1.05999755859375
2022-01-24,VRSN,220.10000610351562,4.760009765625
2022-01-25,VRSN,212.75,-4.2599945068359375
2022-01-26,VRSN,208.42999267578125,-6.510009765625
2022-01-27,VRSN,207.44000244140625,-3.220001220703125
2022-01-28,VRSN,211.58999633789062,4.5099945068359375
2022-01-31,VRSN,217.17999267578125,5.5999908447265625
2022-02-01,VRSN,216.85000610351562,-0.30999755859375
2022-02-02,VRSN,223.47999572753906,5.3899993896484375
2022-02-03,VRSN,218.5500030517578,-1.839996337890625
2022-02-04,VRSN,218.42999267578125,0.9699859619140625
2022-02-07,VRSN,214.39999389648438,-4.350006103515625
2022-02-08,VRSN,216.82000732421875,3.3900146484375
2022-02-09,VRSN,219.52999877929688,-0.470001220703125
2022-02-10,VRSN,212.72000122070312,-2.5
2022-02-11,VRSN,214.22999572753906,-8.970001220703125
2022-02-14,VRSN,213.55999755859375,-1.1199951171875
2022-02-15,VRSN,216.3000030517578,-0.589996337890625
2022-02-16,VRSN,212.25,-2.1399993896484375
2022-02-17,VRSN,208.3699951171875,-2.07000732421875
2022-02-18,VRSN,208.22000122070312,-0.029998779296875
2022-02-22,VRSN,206.6699981689453,-1.2299957275390625
2022-02-23,VRSN,202.94000244140625,-4.3699951171875
2022-02-24,VRSN,209.82000732421875,10.030014038085938
2022-02-25,VRSN,214.19000244140625,3.5800018310546875
2022-02-28,VRSN,213.72000122070312,2.6699981689453125
2022-03-01,VRSN,216.0399932861328,2.6599884033203125
2022-03-02,VRSN,217.85000610351562,0.760009765625
2022-03-03,VRSN,218.72999572753906,-1.760009765625
2022-03-04,VRSN,217.8699951171875,-0.100006103515625
2022-03-07,VRSN,214.85000610351562,-1.7899932861328125
2022-03-08,VRSN,206.8300018310547,-7.3800048828125
2022-03-09,VRSN,209.58999633789062,-0.9499969482421875
2022-03-10,VRSN,208.27999877929688,1.3899993896484375
2022-03-11,VRSN,204.16000366210938,-6.67999267578125
2022-03-14,VRSN,199.42999267578125,-4.8000030517578125
2022-03-15,VRSN,204.38999938964844,3.55999755859375
2022-03-16,VRSN,206.35000610351562,-1.2299957275390625
2022-03-17,VRSN,212.66000366210938,5.5500030517578125
2022-03-18,VRSN,220.75,8.289993286132812
2022-03-21,VRSN,214.9199981689453,-3.029998779296875
2022-03-22,VRSN,218.0800018310547,3.4799957275390625
2022-03-23,VRSN,211.8300018310547,-5.0099945068359375
2022-03-24,VRSN,215.11000061035156,1.5200042724609375
2022-03-25,VRSN,215.75,0.029998779296875
2022-03-28,VRSN,219.74000549316406,2.9199981689453125
2022-03-29,VRSN,221.3000030517578,-0.44000244140625
2022-03-30,VRSN,222.1199951171875,1.739990234375
2022-03-31,VRSN,222.4600067138672,-0.42999267578125
2022-04-01,VRSN,225.27000427246094,3.029998779296875
2022-04-04,VRSN,226.5500030517578,0.470001220703125
2022-04-05,VRSN,223.39999389648438,-3.5
2022-04-06,VRSN,220.0,-1.7100067138671875
2022-04-07,VRSN,220.6999969482422,1.7700042724609375
2022-04-08,VRSN,218.77999877929688,-1.040008544921875
2022-04-11,VRSN,213.85000610351562,-3.459991455078125
2022-04-12,VRSN,213.33999633789062,-3.4000091552734375
2022-04-13,VRSN,215.3300018310547,1.4799957275390625
2022-04-14,VRSN,215.39999389648438,-0.170013427734375
2022-04-18,VRSN,213.32000732421875,-2.029998779296875
2022-04-19,VRSN,218.27999877929688,5.55999755859375
2022-04-20,VRSN,219.42999267578125,-0.57000732421875
2022-04-21,VRSN,212.5500030517578,-7.3199920654296875
2022-04-22,VRSN,205.85000610351562,-6.220001220703125
2022-04-25,VRSN,211.1699981689453,4.8800048828125
2022-04-26,VRSN,205.5800018310547,-4.5800018310546875
2022-04-27,VRSN,203.61000061035156,-2.7299957275390625
2022-04-28,VRSN,208.4199981689453,2.3899993896484375
2022-04-29,VRSN,178.69000244140625,-6.5200042724609375
2022-05-02,VRSN,175.0,-3.7700042724609375
2022-05-03,VRSN,183.13999938964844,7.6399993896484375
2022-05-04,VRSN,186.47999572753906,4.529998779296875
2022-05-05,VRSN,175.75,-8.399993896484375
2022-05-06,VRSN,172.0500030517578,-1.6299896240234375
2022-05-09,VRSN,164.86000061035156,-4.5800018310546875
2022-05-10,VRSN,167.69000244140625,-0.3600006103515625
2022-05-11,VRSN,166.94000244140625,1.0200042724609375
2022-05-12,VRSN,164.41000366210938,-1.5
2022-05-13,VRSN,165.11000061035156,-1.8699951171875
2022-05-16,VRSN,164.5500030517578,0.8600006103515625
2022-05-17,VRSN,168.52000427246094,1.0500030517578125
2022-05-18,VRSN,162.52000427246094,-3.6399993896484375
2022-05-19,VRSN,163.4499969482422,1.3600006103515625
2022-05-20,VRSN,165.55999755859375,-0.029998779296875
2022-05-23,VRSN,166.7100067138672,0.0
2022-05-24,VRSN,166.6199951171875,1.6299896240234375
2022-05-25,VRSN,170.97999572753906,4.6100006103515625
2022-05-26,VRSN,172.7100067138672,1.5200042724609375
2022-05-27,VRSN,176.32000732421875,2.470001220703125
2022-05-31,VRSN,174.5500030517578,-0.649993896484375
2022-06-01,VRSN,174.3699951171875,-1.0900115966796875
2022-06-02,VRSN,180.3300018310547,5.8699951171875
2022-06-03,VRSN,177.6999969482422,-0.529998779296875
2022-06-06,VRSN,177.75999450683594,-1.3800048828125
2022-06-07,VRSN,179.0800018310547,2.9300079345703125
2022-06-08,VRSN,177.2100067138672,-1.2899932861328125
2022-06-09,VRSN,173.61000061035156,-3.30999755859375
2022-06-10,VRSN,169.10000610351562,-2.899993896484375
2022-06-13,VRSN,162.6699981689453,-2.4499969482421875
2022-06-14,VRSN,161.17999267578125,-2.0900115966796875
2022-06-15,VRSN,163.8800048828125,0.0900115966796875
2022-06-16,VRSN,156.50999450683594,-3.600006103515625
2022-06-17,VRSN,157.5399932861328,1.029998779296875
2022-06-21,VRSN,160.67999267578125,0.8899993896484375
2022-06-22,VRSN,157.77000427246094,-1.8000030517578125
2022-06-23,VRSN,163.88999938964844,3.7100067138671875
2022-06-24,VRSN,169.27000427246094,4.720001220703125
2022-06-27,VRSN,168.85000610351562,-0.2299957275390625
2022-06-28,VRSN,164.25999450683594,-4.7100067138671875
2022-06-29,VRSN,166.25999450683594,1.7599945068359375
2022-06-30,VRSN,167.3300018310547,2.1399993896484375
2022-07-01,VRSN,170.80999755859375,3.8000030517578125
2022-07-05,VRSN,172.3000030517578,3.1200103759765625
2022-07-06,VRSN,176.05999755859375,2.6199951171875
2022-07-07,VRSN,178.6199951171875,3.05999755859375
2022-07-08,VRSN,178.6300048828125,1.290008544921875
2022-07-11,VRSN,175.83999633789062,-1.1300048828125
2022-07-12,VRSN,174.42999267578125,-2.25
2022-07-13,VRSN,175.27000427246094,3.779998779296875
2022-07-14,VRSN,173.99000549316406,0.0800018310546875
2022-07-15,VRSN,177.47999572753906,1.5699920654296875
2022-07-18,VRSN,175.6300048828125,-2.1199951171875
2022-07-19,VRSN,181.82000732421875,4.540008544921875
2022-07-20,VRSN,183.5800018310547,0.9300079345703125
2022-07-21,VRSN,186.75999450683594,2.7599945068359375
2022-07-22,VRSN,185.3000030517578,-1.459991455078125
2022-07-25,VRSN,181.44000244140625,-4.3899993896484375
2022-07-26,VRSN,177.27999877929688,-3.6399993896484375
2022-07-27,VRSN,181.38999938964844,3.1399993896484375
2022-07-28,VRSN,182.5399932861328,1.25
2022-07-29,VRSN,189.16000366210938,8.30999755859375
2022-08-01,VRSN,193.1199951171875,5.649993896484375
2022-08-02,VRSN,193.11000061035156,1.1100006103515625
2022-08-03,VRSN,195.5399932861328,2.589996337890625
2022-08-04,VRSN,197.1999969482422,1.660003662109375
2022-08-05,VRSN,198.6999969482422,4.8300018310546875
2022-08-08,VRSN,197.64999389648438,-2.4300079345703125
2022-08-09,VRSN,196.24000549316406,-1.589996337890625
2022-08-10,VRSN,199.85000610351562,-0.220001220703125
2022-08-11,VRSN,197.27999877929688,-3.720001220703125
2022-08-12,VRSN,202.08999633789062,3.3899993896484375
2022-08-15,VRSN,204.3300018310547,2.4900054931640625
2022-08-16,VRSN,204.0,-0.2100067138671875
2022-08-17,VRSN,204.77999877929688,2.2899932861328125
2022-08-18,VRSN,206.47000122070312,1.850006103515625
2022-08-19,VRSN,201.47000122070312,-2.8199920654296875
2022-08-22,VRSN,196.00999450683594,-3.9600067138671875
2022-08-23,VRSN,194.17999267578125,-1.6800079345703125
2022-08-24,VRSN,193.3800048828125,-0.7299957275390625
2022-08-25,VRSN,194.61000061035156,0.100006103515625
2022-08-26,VRSN,187.50999450683594,-7.290008544921875
2022-08-29,VRSN,184.0800018310547,-1.6100006103515625
2022-08-30,VRSN,181.75,-2.2700042724609375
2022-08-31,VRSN,182.22000122070312,-0.850006103515625
2022-09-01,VRSN,182.42999267578125,1.29998779296875
2022-09-02,VRSN,181.4499969482422,-1.69000244140625
2022-09-06,VRSN,182.2899932861328,0.4399871826171875
2022-09-07,VRSN,186.52999877929688,3.0
2022-09-08,VRSN,187.3300018310547,2.1300048828125
2022-09-09,VRSN,190.55999755859375,2.7700042724609375
2022-09-12,VRSN,189.0399932861328,-1.2100067138671875
2022-09-13,VRSN,178.75,-5.399993896484375
2022-09-14,VRSN,178.33999633789062,-1.3899993896484375
2022-09-15,VRSN,174.6199951171875,-3.230010986328125
2022-09-16,VRSN,175.02999877929688,1.2899932861328125
2022-09-19,VRSN,176.27000427246094,1.850006103515625
2022-09-20,VRSN,174.72999572753906,-0.3700103759765625
2022-09-21,VRSN,176.72000122070312,-0.4799957275390625
2022-09-22,VRSN,174.63999938964844,-0.6399993896484375
2022-09-23,VRSN,173.6999969482422,-0.6699981689453125
2022-09-26,VRSN,173.3800048828125,-0.470001220703125
2022-09-27,VRSN,172.52999877929688,-2.2599945068359375
2022-09-28,VRSN,177.2899932861328,2.75
2022-09-29,VRSN,176.1699981689453,0.2700042724609375
2022-09-30,VRSN,173.6999969482422,-2.790008544921875
2022-10-03,VRSN,179.3000030517578,4.510009765625
2022-10-04,VRSN,183.4600067138672,8.480010986328125
2022-10-05,VRSN,183.8699951171875,1.279998779296875
2022-10-06,VRSN,182.0800018310547,-2.05999755859375
2022-10-07,VRSN,177.86000061035156,-2.220001220703125
2022-10-10,VRSN,176.99000549316406,-1.7599945068359375
2022-10-11,VRSN,174.88999938964844,-2.1399993896484375
2022-10-12,VRSN,175.67999267578125,0.1699981689453125
2022-10-13,VRSN,176.85000610351562,5.850006103515625
2022-10-14,VRSN,174.0800018310547,-5.0800018310546875
2022-10-17,VRSN,179.5500030517578,1.82000732421875
2022-10-18,VRSN,182.88999938964844,-0.9199981689453125
2022-10-19,VRSN,182.10000610351562,0.790008544921875
2022-10-20,VRSN,178.6699981689453,-3.82000732421875
2022-10-21,VRSN,179.14999389648438,2.089996337890625
2022-10-24,VRSN,182.1999969482422,1.399993896484375
2022-10-25,VRSN,187.82000732421875,4.44000244140625
2022-10-26,VRSN,184.99000549316406,-1.54998779296875
2022-10-27,VRSN,185.7899932861328,1.3899993896484375
2022-10-28,VRSN,203.3699951171875,8.17999267578125
2022-10-31,VRSN,200.4600067138672,-1.9099884033203125
2022-11-01,VRSN,196.97000122070312,-5.0800018310546875
2022-11-02,VRSN,186.61000061035156,-9.660003662109375
2022-11-03,VRSN,180.19000244140625,-3.910003662109375
2022-11-04,VRSN,176.69000244140625,-5.0699920654296875
2022-11-07,VRSN,177.8800048828125,0.07000732421875
2022-11-08,VRSN,180.72999572753906,1.6199951171875
2022-11-09,VRSN,178.32000732421875,-1.209991455078125
2022-11-10,VRSN,191.1199951171875,4.5699920654296875
2022-11-11,VRSN,192.38999938964844,2.149993896484375
2022-11-14,VRSN,190.4499969482422,-0.6200103759765625
2022-11-15,VRSN,195.52999877929688,0.279998779296875
2022-11-16,VRSN,197.5500030517578,1.9199981689453125
2022-11-17,VRSN,195.5500030517578,0.82000732421875
2022-11-18,VRSN,194.25,-2.9199981689453125
2022-11-21,VRSN,195.50999450683594,1.0
2022-11-22,VRSN,197.66000366210938,0.600006103515625
2022-11-23,VRSN,199.30999755859375,0.970001220703125
2022-11-25,VRSN,198.8699951171875,0.8699951171875
2022-11-28,VRSN,197.75,-0.350006103515625
2022-11-29,VRSN,194.9600067138672,-1.92999267578125
2022-11-30,VRSN,199.80999755859375,4.649993896484375
2022-12-01,VRSN,204.57000732421875,1.57000732421875
2022-12-02,VRSN,202.10000610351562,1.4000091552734375
2022-12-05,VRSN,197.2899932861328,-2.9300079345703125
